,frame_id,timer_sec,type,node_id,robot,x,y,z,length,width,height,heading_ang,heading_rad
0,11,1608793387.868103,VEHICLE,1,False,2038.8888545318605,41615.0154362622,-4.542851951350174,4.325800855778656,1.974266254362596,0.0,0,0
1,12,1608793388.468849,VEHICLE,1,False,2041.2699951461132,41618.147610739135,-4.322965021769841,4.249130471004826,2.013077036959383,0.0,52.757189200016576,0.9207866556378825
2,13,1608793389.067836,VEHICLE,1,False,2043.460914267329,41620.843229437225,-4.272785026652612,4.38622154003579,1.9628260377797695,0.0,50.89680979617749,0.8883169097046013
3,14,1608793389.568987,VEHICLE,1,False,2045.5863014856448,41622.96691409961,-4.237062429628248,4.359159209550258,2.0151424003984575,0.0,44.97704221848243,0.7849974745210132
4,15,1608793390.166578,VEHICLE,1,False,2047.9113257501194,41625.82367775892,-4.3183058318912675,4.29613491851189,2.068597436354047,0.0,50.85901132482069,0.8876572019272043
5,16,1608793390.66892,VEHICLE,1,False,2049.7915056090574,41627.96133321656,-4.147449466546793,4.325377414560664,2.0175943154093328,0.0,48.66668104740507,0.8493938202951411
6,17,1608793391.265066,VEHICLE,1,False,2051.9698983162075,41630.436663956236,-4.270415851607286,4.287066010015805,2.088465500736261,0.0,48.65089672069122,0.8491183318237739
7,18,1608793391.766796,VEHICLE,1,False,2053.5056638209776,41632.54068989381,-4.467318941449814,4.245964301009315,2.038643047416424,0.0,53.873636902422646,0.9402723439711943
8,19,1608793392.368185,VEHICLE,1,False,2055.8127417947685,41635.1645501276,-4.234000200169522,4.52450962841236,2.136098081196142,0.0,48.675847689175164,0.8495538083753801
9,20,1608793392.965071,VEHICLE,1,False,2057.902048648841,41637.728015352666,-4.2859463102597815,4.770693038354404,2.250695235962759,0.0,50.818855310230056,0.8869563472581189
10,21,1608793393.465085,VEHICLE,1,False,2059.675053662689,41639.73187862829,-4.256326181137936,4.729378468360741,2.19207705620799,0.0,48.497810046472864,0.8464464653177356
11,22,1608793393.967496,VEHICLE,1,False,2061.395728218479,41641.73402522806,-4.1554111223139945,4.7812355794345605,2.138485822820713,0.0,49.323746548830556,0.8608617766962833
12,23,1608793394.566183,VEHICLE,1,False,2063.374747320673,41644.200933076034,-4.041492848881488,4.627348586951799,2.0779753388593205,0.0,51.262486594900906,0.8946991738404775
13,24,1608793395.06929,VEHICLE,1,False,2065.2842250704707,41646.35143322886,-4.071623510949559,4.573890516149647,2.0674281125730816,0.0,48.397402201009236,0.8446940178195617
14,25,1608793395.6661,VEHICLE,1,False,2066.9815126743674,41648.039801665,-4.272945201048403,4.641347645513376,2.1256774755269605,0.0,44.84906042400749,0.7827637708248149
15,26,1608793396.168308,VEHICLE,1,False,2068.553385229342,41649.49834712428,-4.258718909389245,4.771240692795063,2.116432400146647,0.0,42.858335088444306,0.7480190592163682
16,27,1608793396.765341,VEHICLE,2,False,2040.9983240233505,41615.6032536739,-4.248732466184791,4.24821397785375,1.9652149994108137,0.0,0,0
17,28,1608793397.267882,VEHICLE,2,False,2043.258221790808,41618.42995374064,-4.125038383851633,4.182598086919411,1.9564197803907928,0.0,51.35826935330779,0.8963708983413199
18,29,1608793397.866239,VEHICLE,2,False,2045.793175121862,41621.5929205088,-4.1101963037161235,4.361897492421466,2.1234563388575047,0.0,51.289640139951906,0.8951730926052061
19,30,1608793398.368475,VEHICLE,2,False,2047.828953595707,41624.28911284733,-4.160916411497259,4.267332862454947,2.087042318372568,0.0,52.94512113213353,0.9240666866229579
20,31,1608793398.967043,VEHICLE,2,False,2050.32293401759,41627.28601812597,-4.117056915015709,4.481219305375141,2.1240693625878424,0.0,50.233271409254094,0.8767359801394159
21,32,1608793399.468698,VEHICLE,2,False,2052.633248267965,41630.124547480984,-4.117939207225206,4.244553129024977,2.141770006821024,0.0,50.857429522704834,0.8876295942721676
22,32,1608793399.468698,VEHICLE,7,False,2083.656405735585,41668.11591283436,-4.051938788566611,4.320584822164955,1.9489338170093033,0.0,0,0
23,33,1608793400.066305,VEHICLE,2,False,2054.805410146709,41633.09110281305,-4.085859259392846,4.25079185251814,2.0686829578370087,0.0,53.787782280090816,0.9387738981334476
24,33,1608793400.066305,VEHICLE,7,False,2083.069077747406,41666.91777547178,-4.052147320222056,4.355042715660165,1.9873927088297056,0.0,-116.11413438944976,-2.026573953199074
25,34,1608793400.569419,VEHICLE,2,False,2056.984876788358,41635.51302742263,-4.1408302337658265,4.299275367857343,2.133404829361989,0.0,48.016257932234524,0.8380417954043368
26,34,1608793400.569419,VEHICLE,7,False,2082.124123849022,41666.12463933404,-3.9783141982586194,4.237141908637676,1.9609533294109363,0.0,-139.99197134217317,-2.4433208262784674
27,35,1608793401.165497,VEHICLE,2,False,2059.024516211356,41638.05495880332,-4.130602103305598,4.523476116445854,2.2329882366055775,0.0,51.256528987791235,0.8945951939808735
28,35,1608793401.165497,VEHICLE,7,False,2081.4542132852293,41665.219070089865,-3.9010370454791703,4.350495412923884,1.9859986162700556,0.0,-126.49282706882786,-2.207716312506854
29,36,1608793401.668454,VEHICLE,2,False,2060.778541915052,41640.25935680109,-3.937556976753789,4.723035605723373,2.192382956831465,0.0,51.49095327129253,0.8986866695745998
30,36,1608793401.668454,VEHICLE,7,False,2080.947253943246,41664.52995425114,-4.012265454492803,4.2618916099060895,1.9558889315699541,0.0,-126.34066694872824,-2.2050606174208855
31,37,1608793402.265323,VEHICLE,2,False,2062.799917960541,41642.854637289776,-3.8940510096771472,4.717512064701336,2.1736255110630913,0.0,52.08618335639765,0.90907539436661
32,37,1608793402.265323,VEHICLE,7,False,2080.4964022988934,41663.915965924716,-4.010430956488381,4.349191625300181,1.9524469987403645,0.0,-126.28983897850716,-2.2041735019884223
33,38,1608793402.767543,VEHICLE,2,False,2064.287167116897,41644.846212564495,-3.889952843941262,4.859470012804964,2.0858793113015426,0.0,53.24871891599222,0.92936546755305
34,38,1608793402.767543,VEHICLE,7,False,2080.1731661549184,41663.51417850827,-3.984636644617595,4.281687357581971,1.9555030913640539,0.0,-128.81651889562767,-2.2482723856861924
35,39,1608793403.36709,VEHICLE,2,False,2066.3808765388767,41647.1140090154,-4.0829466106563626,4.653688934983272,2.1317581259352503,0.0,47.28571516383686,0.8252914187691631
36,39,1608793403.36709,VEHICLE,7,False,2079.780547560877,41663.13735510843,-4.002491271081619,4.160504319148552,1.939801135495442,0.0,-136.17600921299945,-2.3767197229929726
37,40,1608793403.867767,VEHICLE,2,False,2068.1547086587166,41648.97762627405,-3.9089587510750485,4.7146253927735025,2.1210314633040936,0.0,46.41397572666339,0.8100766953710038
38,40,1608793403.867767,VEHICLE,7,False,2079.855806884242,41662.99479320994,-4.011369024908411,4.39047943163409,1.9626256151351984,0.0,-62.170144751399995,-1.0850737223534015
39,41,1608793404.36852,VEHICLE,2,False,2070.0877843298663,41650.612138813616,-4.053468772227854,4.567474574186749,2.081532351096618,0.0,40.21619713154909,0.7019050525766307
40,43,1608793405.569383,VEHICLE,8,False,2078.776806033617,41662.20542551064,-3.8266033752882214,4.239702941642267,1.916747446569594,0.0,0,0
41,44,1608793406.16862,VEHICLE,8,False,2078.4715009580755,41661.55857551447,-3.892644982972566,4.179568390417901,1.9404095977031637,0.0,-115.26672210504492,-2.011783818714363
42,45,1608793406.768206,VEHICLE,8,False,2077.9340553259867,41660.935180369226,-4.017320333942771,4.3745952747976595,1.9954327134360674,0.0,-130.76550453868307,-2.2822886022316085
43,46,1608793407.268535,VEHICLE,8,False,2077.6604110880144,41660.26185701527,-3.9967756009430904,4.491822646416492,2.0590223702290373,0.0,-112.11723579372718,-1.9568149128353771
44,47,1608793407.867817,VEHICLE,8,False,2076.697036632456,41659.01442603757,-4.124293696192349,4.368694401360214,2.0271047495083785,0.0,-127.67843461835304,-2.2284090678825703
45,48,1608793408.368653,VEHICLE,8,False,2075.9371827608375,41657.8728947969,-4.103700641220166,4.097276092956461,1.9674149736969633,0.0,-123.64949863229857,-2.1580908695738352
46,56,1608793412.769074,VEHICLE,14,False,2066.385742158061,41648.18322188761,-4.035243598344162,4.751680085568059,2.12661040797619,0.0,0,0
47,57,1608793413.366421,VEHICLE,14,False,2064.775870036707,41646.6574118155,-3.9300415070558796,4.597659186873022,2.043566713324407,0.0,-136.53562989527094,-2.3829962879568787
48,58,1608793413.866487,VEHICLE,14,False,2063.486285513692,41645.46278411595,-4.085242741662748,4.664256227289012,2.053323694474375,0.0,-137.18901499495408,-2.3944000092298205
49,60,1608793414.868854,VEHICLE,15,False,2061.2508646319525,41643.06242516894,-3.9733863457996392,4.759002408060583,2.1245990417289016,0.0,0,0
50,61,1608793415.418787,VEHICLE,15,False,2059.9458566657863,41641.74160014304,-4.014449248112919,4.674624206539456,2.073368794065419,0.0,-134.6548753066006,-2.3501709279625893
51,62,1608793415.966559,VEHICLE,15,False,2058.7338380310534,41640.46978017086,-4.1731282621300085,4.419972055728308,2.114551515297208,0.0,-133.62080313077237,-2.332122963791125
52,63,1608793416.469566,VEHICLE,15,False,2057.481513684686,41639.13395013212,-4.266100540569159,4.404345062086708,2.0961177628381504,0.0,-133.15201729533737,-2.323941107476072
53,64,1608793417.068135,VEHICLE,15,False,2056.173799780077,41637.76710399846,-4.271501883968104,4.469221424226215,2.1192898614757527,0.0,-133.7334457883054,-2.334088949043273
54,65,1608793417.667442,VEHICLE,15,False,2054.782151771989,41636.32793985375,-4.276968352071664,4.354476359457981,2.0582362049585723,0.0,-134.03836132520163,-2.3394107291025983
55,68,1608793419.266828,VEHICLE,20,False,2051.2756814745503,41632.888800683526,-4.069056174831198,4.036691189398927,1.9901549650495343,0.0,0,0
56,68,1608793419.266828,VEHICLE,21,False,2039.9702459492328,41614.18686405685,-4.448307155581428,4.358237429252605,1.9785071127855964,0.0,0,0
57,69,1608793419.7689,VEHICLE,21,False,2042.34485368444,41616.82315040841,-4.393582387917252,4.451813622399618,1.9741375285133789,0.0,47.98938132380458,0.837572710095465
58,70,1608793420.368952,VEHICLE,21,False,2044.950255472652,41619.81897445302,-4.395799112666464,4.2049832278757036,1.9514623524885701,0.0,48.987238844191054,0.8549886092919954
59,71,1608793420.965682,VEHICLE,21,False,2046.692370404823,41622.02639512349,-4.299134822701053,4.402100515759152,2.024432655937136,0.0,51.719201685228086,0.90267035591023
60,72,1608793421.466671,VEHICLE,21,False,2048.3764476854135,41623.84029781946,-4.312231366905506,4.318296321290378,2.0427584131731025,0.0,47.12552267609693,0.8224955324211407
61,73,1608793421.969719,VEHICLE,21,False,2049.6879224052295,41625.30432538693,-4.379976270210847,4.264290268332036,2.0364433407295586,0.0,48.14604254828695,0.8403069642728883
62,74,1608793422.565956,VEHICLE,21,False,2050.8362587198017,41626.6677228172,-4.226872623002962,4.342476661486939,2.066106135646539,0.0,49.89387620762093,0.870812416405447
63,75,1608793423.066642,VEHICLE,21,False,2051.701894622317,41627.80327203969,-4.354687133864359,4.335374393139247,2.052701715610396,0.0,52.68151162134139,0.9194658327200635
64,76,1608793423.569733,VEHICLE,21,False,2052.4967842439733,41628.85101666381,-4.302085326707207,4.277668952032755,2.0544119862362087,0.0,52.813597255045565,0.9217711619227845
65,77,1608793424.168255,VEHICLE,21,False,2053.501193922747,41630.038286085815,-4.338295272210847,4.335545318964339,2.0607994102481597,0.0,49.76934858904628,0.8686389994516519
66,77,1608793424.168255,VEHICLE,24,False,2053.3902182055135,41630.02983503335,-4.30734884146418,4.419531288822174,2.1042986941721655,0.0,0,0
67,77,1608793424.168255,VEHICLE,25,False,2053.3902182055135,41630.02983503335,-4.30734884146418,4.419531288822174,2.1042986941721655,0.0,0,0
68,78,1608793424.815881,VEHICLE,25,False,2054.479178369153,41631.74453329472,-4.319635657072789,4.308257646293492,2.0695529645685027,0.0,57.581434097806294,1.0049856130268504
69,79,1608793425.318214,VEHICLE,25,False,2055.407622662838,41632.89576574391,-4.266283368525418,4.45456350090022,2.0465030873032135,0.0,51.114567878887144,0.8921175052207149
70,80,1608793425.865954,VEHICLE,25,False,2056.6001021152492,41634.93930064584,-4.2868421267141255,4.51044931993427,2.1238785438303074,0.0,59.73483137511916,1.0425694856194412
71,80,1608793425.865954,VEHICLE,30,False,2068.874961962339,41653.25411017666,-3.3851650479086635,0.6080272856918095,0.6105599237051765,0.0,0,0
72,81,1608793426.367796,VEHICLE,25,False,2057.785609268387,41636.66888740132,-4.436199714994869,4.5853414432396775,2.20783706837864,0.0,55.572169955508166,0.9699173382014882
73,82,1608793426.968231,VEHICLE,25,False,2059.2419986956947,41638.90013736133,-4.259355442185435,4.83737584259466,2.2220519322455554,0.0,56.8665685769277,0.9925088559785347
74,83,1608793427.515978,VEHICLE,25,False,2060.6236494233717,41640.829347824605,-4.2524262063148885,4.78215034698735,2.1556169525082187,0.0,54.39073937852328,0.9492974847493656
75,84,1608793428.06599,VEHICLE,25,False,2062.1855675334464,41643.01448473974,-4.07016036317744,4.566805485302725,2.1038277689278106,0.0,54.443123569916395,0.9502117613651704
76,85,1608793428.565991,VEHICLE,25,False,2063.6588073454536,41644.96792746759,-4.065656474090228,4.728112462416918,2.0974344232701667,0.0,52.97727451934799,0.9246278690955189
77,86,1608793429.068347,VEHICLE,25,False,2065.6378715255005,41647.174838146566,-4.1298508019919415,4.6182073349889965,2.0916668269002843,0.0,48.11558803656441,0.8397754327712428
78,87,1608793429.56937,VEHICLE,25,False,2067.625579584532,41649.295951145345,-4.326173563089209,4.614529677142792,2.0630752635549894,0.0,46.8596224435605,0.8178546978815614
79,87,1608793429.56937,VEHICLE,33,False,2067.634363775356,41649.286555055,-4.326352077251623,4.613406192048234,2.064606154276673,0.0,0,0
80,91,1608793431.767031,VEHICLE,34,False,2077.8872788440453,41658.107865967984,-4.058094625457294,4.218908651295247,1.923937252633352,0.0,0,0
81,93,1608793432.916986,VEHICLE,40,False,2082.357030243276,41662.40931063763,-3.785892162106421,1.0929255328687373,0.6126976023442725,0.0,0,0
82,94,1608793433.468478,VEHICLE,41,False,2084.208728985645,41664.61954013664,-3.8841404179537697,1.002328686629324,0.5617272105986784,0.0,0,0
83,104,1608793439.068706,VEHICLE,43,False,2067.6040739179257,41650.38715268048,-4.04382164877863,4.679675272785655,2.0723440252341785,0.0,0,0
84,106,1608793440.168537,VEHICLE,45,False,2066.0670078794215,41649.03993602454,-3.981348670499189,4.6364723722208465,2.058355895226114,0.0,0,0
85,107,1608793440.819397,VEHICLE,45,False,2065.0145871968693,41648.51333613576,-4.034755948603484,4.715661582443903,2.0074542247850973,0.0,-153.417985170427,-2.6776489729997848
86,116,1608793445.670249,VEHICLE,48,False,2051.360482691335,41626.88710511312,-4.308965651441804,4.308361229990663,2.0449757777395865,0.0,0,0
87,117,1608793446.267275,VEHICLE,50,False,2053.38686845685,41629.97304859392,-4.410173056855808,4.314595383332764,2.089644525700612,0.0,0,0
88,118,1608793446.768814,VEHICLE,50,False,2054.9662333062056,41632.32866987215,-4.294880702215336,4.3320635662725,2.104927859842844,0.0,56.1594764394174,0.9801677700640155
89,119,1608793447.316366,VEHICLE,50,False,2056.8506531687094,41634.8406546737,-4.2443369671225994,4.395454516342503,2.1163683975896985,0.0,53.123807432392276,0.9271853508906801
90,120,1608793447.916598,VEHICLE,50,False,2058.854053306925,41637.57527543724,-4.355830646453139,4.605894732100951,2.145670028901139,0.0,53.77326361893728,0.938520499693337
91,121,1608793448.51963,VEHICLE,50,False,2061.0820380359087,41640.30308145928,-4.189442401631309,4.688456269419726,2.147073496038146,0.0,50.75914930099918,0.8859142808138138
92,122,1608793449.116323,VEHICLE,50,False,2063.4957407980555,41643.29576075921,-4.100942761090291,4.454969712966471,2.001077755743926,0.0,51.112583640194956,0.8920828737223907
93,123,1608793449.716501,VEHICLE,50,False,2065.7130056800615,41645.788095527874,-4.263034919708979,4.339608698965351,2.062137900170688,0.0,48.342632139228755,0.8437380999099716
94,124,1608793450.367946,VEHICLE,50,False,2069.0406716860043,41649.554543862556,-4.284362901719669,4.499898836500668,2.0116050665748433,0.0,48.539326907401886,0.8471710712360396
95,129,1608793453.167492,VEHICLE,57,False,2083.4553956648183,41664.876069221515,-4.119908438183055,4.282270871459871,1.9414947732246852,0.0,0,0
96,130,1608793453.718257,VEHICLE,57,False,2086.6926417148284,41667.68131725923,-3.9590197317837115,4.2760305634319495,1.9167970145809836,0.0,40.91069178755902,0.7140262709615094
97,130,1608793453.718257,VEHICLE,58,False,2086.4872515638385,41666.78678476398,-3.5354060074211877,1.1500527431287093,0.66215243615579,0.0,0,0
98,131,1608793454.220418,VEHICLE,57,False,2089.251496003117,41670.40145009888,-3.9287825025070635,4.3425749679947865,1.951266904712936,0.0,46.74990140263671,0.8159397044587259
99,141,1608793459.917605,VEHICLE,66,False,2059.4194692480437,41641.04963617187,-4.072420112673732,4.799728580539611,2.0588999499393106,0.0,0,0
100,142,1608793460.467088,VEHICLE,66,False,2058.459816569325,41639.7250345612,-4.180740026009818,4.87570921816845,2.095662120571162,0.0,-125.9227285771945,-2.1977662167671985
101,143,1608793460.967571,VEHICLE,66,False,2057.708723514503,41638.745294108965,-4.187364836949521,4.658333775046179,2.0758331997746877,0.0,-127.47465867954244,-2.2248525068139826
102,144,1608793461.566993,VEHICLE,66,False,2056.6942223653637,41637.53192852379,-4.134146758125484,4.518759530963939,2.065392089368663,0.0,-129.89916753663834,-2.267168169114071
103,145,1608793462.166672,VEHICLE,66,False,2055.645652360756,41636.31592379601,-4.1398573625643795,4.529775078217435,2.0898950063106914,0.0,-130.77144484393244,-2.2823922801167833
104,146,1608793462.669868,VEHICLE,66,False,2054.732017466339,41635.30868155451,-4.049602193069979,4.536560925286938,2.0858162147759858,0.0,-132.2100941141294,-2.3075014466631334
105,147,1608793463.266825,VEHICLE,66,False,2053.7901174117414,41634.27204821965,-4.089800704113492,4.534462509672812,2.0961831822903156,0.0,-132.2587397209913,-2.3083504726695043
106,148,1608793463.769036,VEHICLE,66,False,2052.9105741020867,41633.231011702745,-4.0960786084206635,4.619056454644205,2.1128192928254292,0.0,-130.19355356208916,-2.2723061745300477
107,149,1608793464.41979,VEHICLE,66,False,2051.9180749192633,41632.07381676997,-4.0835881627216075,4.4788094807218926,2.091268419865952,0.0,-130.61892394003215,-2.2797302881656054
108,150,1608793464.968212,VEHICLE,66,False,2050.8525518165966,41630.83497595631,-4.1595782902532275,4.523844466759423,2.096054893595993,0.0,-130.6987213191932,-2.281123015166428
109,151,1608793465.468496,VEHICLE,66,False,2049.8351461585794,41629.614783228455,-4.184383905972585,4.523693934396532,2.0945441805219716,0.0,-129.82159551878712,-2.2658142819951514
110,152,1608793466.069058,VEHICLE,66,False,2048.749527387057,41628.4185203208,-4.249022703768427,4.643570784935697,2.0915419391555847,0.0,-132.22400996158808,-2.307744324019493
111,153,1608793466.668249,VEHICLE,66,False,2047.631101139897,41627.147549231944,-4.258487515772073,4.636476787516329,2.1276155728480544,0.0,-131.34705794298137,-2.2924386239127954
112,154,1608793467.169,VEHICLE,66,False,2046.767417147004,41626.11875730504,-4.283710332514763,4.581816827400457,2.1223489981031727,0.0,-130.0138890170674,-2.2691704366703203
113,154,1608793467.169,VEHICLE,80,False,2046.724306653033,41626.04125565209,-4.241494188473131,4.6235115176262545,2.1155292537423884,0.0,0,0
114,154,1608793467.169,VEHICLE,81,False,2046.724306653033,41626.04125565209,-4.241494188473131,4.6235115176262545,2.1155292537423884,0.0,0,0
115,155,1608793467.670135,VEHICLE,66,False,2045.9133541927076,41625.10155264622,-4.268490191922744,4.622667359200729,2.0785336649956045,0.0,-130.01741164719178,-2.2692319181643206
116,156,1608793468.266809,VEHICLE,66,False,2044.7786629815737,41623.74673104114,-4.2173474029513915,4.569731940241342,2.0789572049711125,0.0,-129.9468728178875,-2.2680007833424587
117,157,1608793468.916807,VEHICLE,66,False,2043.7596176502998,41622.5389295523,-4.276992659626079,4.69959903132725,2.1098722442825046,0.0,-130.1549694714962,-2.271632755110313
118,158,1608793469.416906,VEHICLE,66,False,2042.921250833862,41621.54565192198,-4.304757603428892,4.731140505758349,2.098256444531913,0.0,-130.16572998278858,-2.2718205614615625
119,159,1608793469.920696,VEHICLE,92,False,2041.9223084722883,41620.3350429622,-4.274060592192568,4.613356568035146,2.1113940228252996,0.0,0,0
120,160,1608793470.469965,VEHICLE,92,False,2041.132043468841,41619.387068246986,-4.267089682908329,4.544444298919164,2.08832817572551,0.0,-129.81577373390314,-2.265712672680583
121,160,1608793470.469965,VEHICLE,93,False,2041.1670098764841,41619.43465940705,-4.291351466030084,4.595980120869525,2.0859757033393267,0.0,0,0
122,160,1608793470.469965,VEHICLE,94,False,2041.1380785469908,41619.38942490892,-4.267221206425841,4.546975035956604,2.0885411440414727,0.0,0,0
123,160,1608793470.469965,VEHICLE,95,False,2041.1380785469908,41619.38942490892,-4.267221206425841,4.546975035956604,2.0885411440414727,0.0,0,0
124,160,1608793470.469965,VEHICLE,96,False,2041.1642142771111,41619.430114961164,-4.291393535006382,4.599570709013376,2.0839999742190387,0.0,0,0
125,161,1608793471.0669,VEHICLE,92,False,2040.3608669272771,41618.5364799438,-4.2353536597113015,4.558854320389377,2.0731221063168634,0.0,-132.19667894457575,-2.3072673077847092
126,162,1608793471.569338,VEHICLE,92,False,2039.4423865768645,41617.448994080434,-4.2487333755092624,4.638457723579883,2.0925627043063693,0.0,-130.18412226596132,-2.272141567359886
127,162,1608793471.569338,VEHICLE,97,False,2018.5654238954855,41594.32362392129,-4.671596974009383,4.1966755228994606,1.9936327370538578,0.0,0,0
128,163,1608793472.118543,VEHICLE,92,False,2038.783374126691,41616.69188561213,-4.327059085967609,4.631246334430287,2.099229698395767,0.0,-131.03739790325636,-2.2870340366577375
129,163,1608793472.118543,VEHICLE,97,False,2018.8311695881148,41594.462950533954,-4.345736340128222,4.261853058465863,2.0712865696592866,0.0,27.667370884042196,0.4828867172969506
130,164,1608793472.667874,VEHICLE,92,False,2037.830606451395,41615.55246677287,-4.283455367701306,4.615743184528756,2.079227496659058,0.0,-129.9019428206385,-2.2672166069575517
131,164,1608793472.667874,VEHICLE,97,False,2018.5960614329244,41594.23352864987,-4.376027322928748,4.1747384520298,1.9943318733322355,0.0,-135.7013175401628,-2.368434790370173
132,165,1608793473.319528,VEHICLE,92,False,2037.1342014732966,41614.69439402786,-4.288314624295509,4.6057737544329,2.0839904435276972,0.0,-129.0625079198924,-2.25256570408338
133,165,1608793473.319528,VEHICLE,102,False,2018.8722038819694,41594.20713071485,-4.386960977646401,4.126903986958767,2.014000615954854,0.0,0,0
134,166,1608793473.86859,VEHICLE,92,False,2036.2806150336182,41613.79068087149,-4.297368640127128,4.557672006064109,2.0669568503646363,0.0,-133.36608923749364,-2.327677367702838
135,166,1608793473.86859,VEHICLE,109,False,2018.7762785157308,41594.0782201459,-4.336901192019038,4.144606722086182,2.02046199377288,0.0,0,0
136,167,1608793474.416916,VEHICLE,92,False,2035.6403023969233,41613.07693795352,-4.3297342256131,4.60318408685845,2.092309632273121,0.0,-131.8958968353633,-2.3020176696478587
137,167,1608793474.416916,VEHICLE,109,False,2018.6622520313545,41594.24443141802,-4.452890683939583,4.129713443740565,2.0401882854231115,0.0,124.45142381781369,2.1720871044157404
138,168,1608793474.917016,VEHICLE,92,False,2034.8957327933058,41612.21920933446,-4.349389909344788,4.654495731892583,2.0895369542073268,0.0,-130.9603106597638,-2.285688610447506
139,168,1608793474.917016,VEHICLE,117,False,2018.8445104771558,41594.128550290116,-4.462126455788708,4.0591322525493725,2.0160854365150005,0.0,0,0
140,169,1608793475.419341,VEHICLE,92,False,2034.2263956774204,41611.42664689722,-4.321865706159512,4.571082120427089,2.1009693111032317,0.0,-130.1818573318796,-2.2721020368028193
141,169,1608793475.419341,VEHICLE,117,False,2018.9081760968188,41594.23167750707,-4.469156282515144,4.147950639519784,2.067395187540571,0.0,58.310879190676545,1.017716831609952
142,170,1608793475.967954,VEHICLE,92,False,2033.362843654722,41610.48555615649,-4.347374190847376,4.561392057696412,2.0971087741017853,0.0,-132.53972888384357,-2.3132546587236993
143,170,1608793475.967954,VEHICLE,119,False,2018.8518760471652,41594.11289348123,-4.526224425115437,4.2018946084304,2.0001394383096223,0.0,0,0
144,171,1608793476.518364,VEHICLE,92,False,2032.638361155499,41609.69481727215,-4.356060261813797,4.636218753223536,2.096666722587759,0.0,-132.4962111093074,-2.3124951302749026
145,171,1608793476.518364,VEHICLE,119,False,2018.822063583045,41594.35256994384,-4.380667247890563,4.233024203949245,2.0774200279422215,0.0,97.09039127520336,1.6945469998018745
146,172,1608793477.117009,VEHICLE,92,False,2031.8154307675993,41608.717040552416,-4.389916977399015,4.724656417236025,2.121227519533357,0.0,-130.08511444397664,-2.270413554881025
147,172,1608793477.117009,VEHICLE,119,False,2018.8711469988623,41594.37892986243,-4.409165529166575,4.051698897679575,2.048181103305548,0.0,28.237723134821604,0.49284124196921164
148,173,1608793477.720188,VEHICLE,92,False,2030.9691382222104,41607.692982365865,-4.346985399425912,4.677921031318089,2.087062592793409,0.0,-129.57068825084926,-2.261435124052452
149,173,1608793477.720188,VEHICLE,119,False,2018.8604525508329,41594.233416737734,-4.446672674182652,4.1211297816828125,2.0739760745438742,0.0,-94.20338064916078,-1.6441591588373687
150,174,1608793478.270299,VEHICLE,92,False,2030.2340456332142,41606.821479250975,-4.3656341947232145,4.616127406268652,2.0753037410486526,0.0,-130.1468520349258,-2.271491079115337
151,174,1608793478.270299,VEHICLE,119,False,2018.8729082975876,41594.12800720168,-4.393804195151812,4.200130389759677,2.0778491848650753,0.0,-83.26087873450065,-1.453176472020766
152,175,1608793478.817354,VEHICLE,92,False,2029.5097335861606,41605.865489554206,-4.401574777492817,4.618826558385502,2.112142620142908,0.0,-127.1496349813354,-2.2191797731332614
153,175,1608793478.817354,VEHICLE,120,False,2018.9051691891327,41594.15182830108,-4.404477453976777,4.282368680774081,2.057798081837665,0.0,0,0
154,176,1608793479.321009,VEHICLE,92,False,2028.6444117799167,41604.76443303922,-4.403769693411616,4.657005308718985,2.121896018932671,0.0,-128.1638530346147,-2.2368812174961525
155,176,1608793479.321009,VEHICLE,122,False,2018.81102728262,41593.89304802531,-4.355147810101785,4.232838522783588,2.0372585189837586,0.0,0,0
156,176,1608793479.321009,VEHICLE,124,False,2028.7236339956105,41604.91640815684,-4.380131096343838,4.550187936284375,2.1134643031933984,0.0,0,0
157,176,1608793479.321009,VEHICLE,125,False,2018.8233328601127,41594.06658841084,-4.404904926988163,4.1399890210854755,2.07255802278753,0.0,0,0
158,176,1608793479.321009,VEHICLE,126,False,2028.7236339956105,41604.91640815684,-4.380131096343838,4.550187936284375,2.1134643031933984,0.0,0,0
159,176,1608793479.321009,VEHICLE,127,False,2018.8233328601127,41594.06658841084,-4.404904926988163,4.1399890210854755,2.07255802278753,0.0,0,0
160,176,1608793479.321009,VEHICLE,128,False,2028.7236339956105,41604.91640815684,-4.380131096343838,4.550187936284375,2.1134643031933984,0.0,0,0
161,176,1608793479.321009,VEHICLE,129,False,2018.8233328601127,41594.06658841084,-4.404904926988163,4.1399890210854755,2.07255802278753,0.0,0,0
162,177,1608793479.867416,VEHICLE,92,False,2028.0909110713715,41603.99419866562,-4.431835143560283,4.599131551327064,2.118900589146084,0.0,-125.70152880542287,-2.1939055524451234
163,177,1608793479.867416,VEHICLE,132,False,2018.8252522109985,41594.05997664066,-4.369851475014749,4.249371744396087,2.0675771655396677,0.0,0,0
164,178,1608793480.417907,VEHICLE,92,False,2027.6533226323402,41603.14941109107,-4.398455608043788,4.710963398592651,2.1478506181727552,0.0,-117.3835403617642,-2.048729266960441
165,178,1608793480.417907,VEHICLE,132,False,2018.8535693677195,41594.237765642196,-4.44431963637458,4.296768134766093,2.078565743800515,0.0,80.95028884389286,1.4128490707663646
166,179,1608793481.017137,VEHICLE,92,False,2027.3090650146885,41601.95271703313,-4.433572279823451,4.7298816541577855,2.1296033803065155,0.0,-106.04914464078101,-1.8509067429053279
167,179,1608793481.017137,VEHICLE,132,False,2018.8330768872383,41594.16737957673,-4.388436729114732,4.184047637427908,1.982886794451419,0.0,-106.23260192858703,-1.8541086766143218
168,179,1608793481.017137,VEHICLE,133,False,2049.646002885379,41625.17754787981,-5.166468811532391,4.231399260741958,1.935676897381503,0.0,0,0
169,180,1608793481.619642,VEHICLE,92,False,2026.9852892425715,41600.62974586815,-4.436378815406014,4.736104900797041,2.167643930716968,0.0,-103.7519118066571,-1.810812466264945
170,180,1608793481.619642,VEHICLE,136,False,2019.0152354218565,41594.06745664683,-4.282871246652698,4.17765116138526,1.921694441460786,0.0,0,0
171,181,1608793482.217368,VEHICLE,92,False,2026.6747225463578,41599.41416546292,-4.379667643951677,4.733508392377183,2.1665687280931665,0.0,-104.33182366701712,-1.8209338375995927
172,181,1608793482.217368,VEHICLE,136,False,2019.1756114039129,41594.414482891785,-4.185831387464794,3.962754369168538,1.8756086543449904,0.0,65.19627959970433,1.1378897390656513
173,182,1608793482.767248,VEHICLE,92,False,2026.0588951103755,41598.14020656435,-4.524106523141523,4.527943337307224,2.0676962382474824,0.0,-115.79896618626643,-2.0210732303559302
174,182,1608793482.767248,VEHICLE,138,False,2018.9390270980477,41594.24244083141,-4.109636984205221,3.9107646270994216,1.8943747270851967,0.0,0,0
175,183,1608793483.268174,VEHICLE,92,False,2025.5313769847373,41597.13287397659,-4.5065331131685795,4.541617084899649,2.0866735633259412,0.0,-117.6400711597154,-2.053206574017458
176,183,1608793483.268174,VEHICLE,138,False,2018.8648054791715,41594.02490922121,-4.234290688266823,4.073439387133744,2.000249912236771,0.0,-108.83960183495428,-1.899609408579614
177,184,1608793483.771311,VEHICLE,92,False,2024.8843130303844,41596.382431395614,-4.445337890394431,4.318128671573566,2.0835212134383077,0.0,-130.769329052977,-2.2823553525983273
178,184,1608793483.771311,VEHICLE,140,False,2018.5811050362745,41594.275201712524,-4.246248906864545,4.074109111769823,1.9834607307090366,0.0,0,0
179,184,1608793483.771311,VEHICLE,141,False,2024.8458919133266,41596.394261677946,-4.371334269691362,4.360754306141493,2.0704235537440803,0.0,0,0
180,184,1608793483.771311,VEHICLE,142,False,2018.7730880791632,41594.09281896301,-4.327865789793771,4.159160261588229,2.0213376010532436,0.0,0,0
181,184,1608793483.771311,VEHICLE,143,False,2024.8458919133266,41596.394261677946,-4.371334269691362,4.360754306141493,2.0704235537440803,0.0,0,0
182,184,1608793483.771311,VEHICLE,144,False,2018.7730880791632,41594.09281896301,-4.327865789793771,4.159160261588229,2.0213376010532436,0.0,0,0
183,184,1608793483.771311,VEHICLE,145,False,2024.8793404963196,41596.380890578,-4.445282942585726,4.314181028123574,2.083160505144308,0.0,0,0
184,184,1608793483.771311,VEHICLE,146,False,2018.565167994251,41594.257202190594,-4.246362534053317,4.072414851540386,1.9845294202182295,0.0,0,0
185,184,1608793483.771311,VEHICLE,147,False,2024.7818740286746,41596.31280916778,-4.371976994202095,4.360754306141493,2.0704235537440803,0.0,0,0
186,184,1608793483.771311,VEHICLE,148,False,2018.7110337368185,41594.00609023717,-4.334288626426458,4.159160261588229,2.0213376010532436,0.0,0,0
187,184,1608793483.771311,VEHICLE,149,False,2024.7818740286746,41596.31280916778,-4.371976994202095,4.360754306141493,2.0704235537440803,0.0,0,0
188,184,1608793483.771311,VEHICLE,150,False,2018.7110337368185,41594.00609023717,-4.334288626426458,4.159160261588229,2.0213376010532436,0.0,0,0
189,184,1608793483.771311,VEHICLE,151,False,2024.7818740286746,41596.31280916778,-4.371976994202095,4.360754306141493,2.0704235537440803,0.0,0,0
190,184,1608793483.771311,VEHICLE,152,False,2018.7110337368185,41594.00609023717,-4.334288626426458,4.159160261588229,2.0213376010532436,0.0,0,0
191,184,1608793483.771311,VEHICLE,153,False,2024.7818740286746,41596.31280916778,-4.371976994202095,4.360754306141493,2.0704235537440803,0.0,0,0
192,184,1608793483.771311,VEHICLE,154,False,2018.7110337368185,41594.00609023717,-4.334288626426458,4.159160261588229,2.0213376010532436,0.0,0,0
193,185,1608793484.418103,VEHICLE,92,False,2024.03061213842,41595.24042252952,-4.443790493796815,4.396927356871002,2.0826122927840904,0.0,-126.77969996230868,-2.2127231890328174
194,185,1608793484.418103,VEHICLE,144,False,2018.9311449156357,41594.18262039603,-4.301240121213757,4.135706161618821,2.035849443727693,0.0,29.603467583180453,0.5166779793339072
195,186,1608793485.021251,VEHICLE,92,False,2023.1864706458064,41594.30803944841,-4.50497493030911,4.270803286391766,2.107049212724348,0.0,-132.15640364867573,-2.306564371264039
196,186,1608793485.021251,VEHICLE,144,False,2018.8753654202098,41594.03690142445,-4.476428786225133,4.446171873009608,2.050379821553468,0.0,-110.94625370292005,-1.9363774198689057
197,187,1608793485.56967,VEHICLE,92,False,2022.0843781769718,41593.12784853155,-4.5482524941854,4.198345398102726,2.1255279644722656,0.0,-133.04013553756997,-2.321988402430112
198,187,1608793485.56967,VEHICLE,144,False,2018.761670241061,41593.950379330025,-4.403762347698352,4.462705138693978,2.076384627974411,0.0,-142.72884505763747,-2.4910882838246096
199,188,1608793486.168085,VEHICLE,92,False,2021.0835572523417,41592.056266830055,-4.543751108551936,4.284561146647111,2.034923981861567,0.0,-133.0444343323255,-2.3220634305524634
200,188,1608793486.168085,VEHICLE,155,False,2018.6877524862919,41593.834333030645,-4.544608562256867,4.726738094132697,2.1185865687853087,0.0,0,0
201,189,1608793486.817285,VEHICLE,92,False,2020.1320348828772,41590.94866629059,-4.527023875055752,4.286168807399621,2.068327331273569,0.0,-130.66536175080074,-2.2805407808609353
202,189,1608793486.817285,VEHICLE,158,False,2018.7466938142009,41593.85498204252,-4.459601433152818,4.863066306960583,2.1033587537706824,0.0,0,0
203,190,1608793487.417184,VEHICLE,92,False,2019.0561121822336,41589.76305734468,-4.633244785527611,4.177414893671516,2.092859218208968,0.0,-132.22328091964644,-2.307731599837226
204,190,1608793487.417184,VEHICLE,160,False,2018.732535375601,41593.86568602607,-4.475821330788661,4.704547042699874,2.064307520181971,0.0,0,0
205,191,1608793488.018916,VEHICLE,92,False,2017.7558992185145,41588.79495849421,-4.629682202773756,4.149983836626043,2.0760218705459756,0.0,-143.3297564632998,-2.5015761663662044
206,191,1608793488.018916,VEHICLE,160,False,2018.858446958433,41593.98222893765,-4.4223218185338755,4.649316315662134,2.0419926911447583,0.0,42.787137746108854,0.7467764311739451
207,192,1608793488.567609,VEHICLE,92,False,2016.432943855136,41587.98187532433,-4.483115742014268,4.206821544644172,2.044561661751066,0.0,-148.42527947835018,-2.590509820089982
208,192,1608793488.567609,VEHICLE,173,False,2018.581848679561,41593.716684499,-4.452855990138466,4.740470066379849,2.074466735669483,0.0,0,0
209,193,1608793489.07189,VEHICLE,92,False,2015.3166238468848,41587.65043528983,-4.4742638877583465,4.280465242562654,2.0205899518825152,0.0,-163.46362766955693,-2.852978510087874
210,193,1608793489.07189,VEHICLE,177,False,2018.5546586481478,41593.66337784612,-4.462868238590703,4.655701632836908,2.086399479936702,0.0,0,0
211,194,1608793489.667446,VEHICLE,92,False,2013.759749322642,41587.10473538202,-4.509188190582148,4.37109684785182,2.057398994193204,0.0,-160.68393194079022,-2.8044636674172714
212,194,1608793489.667446,VEHICLE,179,False,2018.6608497754764,41593.79259827851,-4.4129138720804635,4.636776076581297,2.03893842323208,0.0,0,0
213,195,1608793490.218957,VEHICLE,92,False,2012.5966138872839,41586.68660632025,-4.439826565929413,4.153320985405504,2.000801651523186,0.0,-160.22727952909636,-2.7964935792960413
214,195,1608793490.218957,VEHICLE,179,False,2018.7558469736284,41593.769527732045,-4.421089564251595,4.654396175999996,2.027115315097465,0.0,-13.650304281880898,-0.23824275361790181
215,196,1608793490.768216,VEHICLE,92,False,2011.2971120922966,41585.602145938996,-4.548811040983398,4.412989153861754,2.0700057205201983,0.0,-140.15432276279347,-2.4461543931135816
216,196,1608793490.768216,VEHICLE,179,False,2018.984149581119,41593.96815688051,-4.407992219042122,4.595231441734744,1.9842788399735245,0.0,41.0241089347112,0.7160057736075339
217,197,1608793491.320864,VEHICLE,92,False,2010.284430158018,41584.725004330656,-4.590956370405422,4.542888682615869,2.116759636589984,0.0,-139.10229510232566,-2.4277930466163653
218,197,1608793491.320864,VEHICLE,179,False,2018.7865634940188,41593.807851423466,-4.4637008206983735,4.712744901837595,2.0310394035056074,0.0,-140.94690436971942,-2.459987551745187
219,198,1608793491.919752,VEHICLE,92,False,2009.3333231440672,41583.50495363952,-4.577546831422913,4.498669064074988,2.097781848507208,0.0,-127.93867900114842,-2.23295118922217
220,198,1608793491.919752,VEHICLE,179,False,2018.8087119927245,41593.746239779226,-4.462055377087026,4.748211409245678,2.0124547731244533,0.0,-70.22721957051299,-1.2256962060264498
221,199,1608793492.518271,VEHICLE,179,False,2018.7069912853076,41593.63459018021,-4.413400782394897,4.602683692921435,2.0189570214962096,0.0,-132.33574221249432,-2.3096944196784714
222,200,1608793493.117417,VEHICLE,179,False,2018.656039469011,41593.55000220269,-4.603864012578239,4.541214892385087,2.0711805333438225,0.0,-121.06278091189631,-2.112944128533134
223,201,1608793493.618389,VEHICLE,179,False,2018.7022742388467,41593.51111392548,-4.687357585753249,4.413607830322162,2.054921208720161,0.0,-40.06734535803223,-0.6993070990313286
